USAF,WBAN,STATION NAME,CTRY,STATE,ICAO,LAT,LON,ELEV(M),BEGIN,END
387340,99999,DEHAVZ,TI,,,39.45,70.2,2561.0,19751101,20230125
387440,99999,LAHSH,TI,,,39.283,71.867,1198.0,19730312,20230505
387450,99999,SARY-TAS,KG,,,39.733,73.267,3155.0,19591101,19971208
388510,99999,RASHT,TI,,,39.0,70.3,1316.0,19591124,20230505
388530,99999,KHABURABAD,TI,,,38.65,70.717,3347.0,19730101,20050327
388560,99999,DARVAZ,TI,,,38.467,70.883,1288.0,19590901,20230505
388620,99999,FEDCENKO GLACIER,TI,,,38.917,72.167,4169.0,19370104,19971122
388670,99999,HUMRAGI,TI,,,38.283,71.333,1737.0,19730101,19970217
388690,99999,IHRT,TI,,,38.167,72.633,3276.0,19590101,20230125
388710,99999,KARAKUL LAKE,TI,,,39.083,73.417,3930.0,19591102,19971216
388750,99999,KARAKUL,TI,,,39.017,73.55,3940.0,19570722,20230505
388780,99999,MURGAB,TI,,,38.167,73.967,3576.0,19591118,20230505
388790,99999,OKSU,TI,,,38.067,74.467,3740.0,19770705,20020312
389510,99999,RUSHAN,TI,,,37.95,71.55,1981.0,20130112,20230505
389540,99999,KHOROG,TI,,,37.5,71.5,2077.0,19571011,20230505
389560,99999,BULUN-KUL,TI,,,37.7,72.95,3744.0,19591111,19971114
389570,99999,ISHKASHIM,TI,,,36.717,71.6,2523.0,19591108,20230505
389660,99999,SAJMAK,TI,,,37.533,74.833,3840.0,19601201,20220413
409000,99999,DARWAZ,AF,,OADZ,38.433,70.8,1320.0,19730304,20070905
409010,99999,KHWAHAN,AF,,OAHN,37.883,70.217,1040.0,19730629,20070608
409040,99999,FAIZABAD,AF,,OAFZ,37.117,70.517,1200.0,19730304,20130703
409050,99999,SHIGHNAN,AF,,,37.567,71.5,2265.0,19730701,20090511
409180,99999,ISKACHEM / ESHKASHEM,AF,,OAEM,36.7,71.567,2620.0,20021121,20170316
409200,99999,ZEBAK,AF,,OAZB,36.5,71.25,2600.0,19580101,19970914
409343,99999,FOB BOSTIC,AF,,,35.21,71.52,1042.0,20090101,20120630
409520,99999,LAGHMAN,AF,,OALN,34.65,70.217,770.0,19610310,20140413
409530,99999,GHAZIABAD,AF,,OAGA,34.317,70.767,510.0,20020713,20020713
409534,99999,FOB CONNOLLY,AF,,,34.267,70.2,1214.6,20110413,20130529
409540,99999,JALALABAD,AF,,OAJL,34.4,70.499,566.9,19730101,20210814
409585,99999,CAMP BLESSING-NANGA,AF,,,34.983,70.9,1020.0,20090101,20110209
415040,99999,GUPIS,PK,,OPXB,36.167,73.4,2156.0,20051001,20230504
415050,99999,HUNZA,PK,,,36.317,74.65,2374.0,20081029,20180129
415060,99999,CHITRAL,PK,,,35.85,71.833,1500.0,19730101,20230315
415070,99999,MET OBSERVATORY TIMERGARA / DIR LOWER,PK,,,34.833,71.817,786.0,20081029,20220521
415080,99999,DIR,PK,,OPXO,35.2,71.85,1369.0,19800309,20230505
415090,99999,MIR KHANI,PK,,,35.5,71.7,1250.0,20061003,20180129
415100,99999,KALAM,PK,,,35.833,72.983,2123.0,20050727,20180129
415150,99999,DROSH,PK,,,35.567,71.783,1465.0,19440101,20230505
415160,99999,GILGIT,PK,,OPGT,35.919,74.334,1457.2,19730401,20211108
415170,99999,SKARDU,PK,,OPSD,35.336,75.536,2316.5,19440101,20211108
415180,99999,BUNJI,PK,,,35.667,74.633,1470.0,20040806,20211108
415190,99999,CHILLAS,PK,,,35.417,74.1,1251.0,20050728,20211108
415200,99999,ASTORE,PK,,,35.367,74.9,2168.0,20050727,20211108
415205,99999,CHITRAL,PK,,,35.883,71.8,1494.0,20050727,20230505
415215,99999,DERA GHAZI KHAN,PK,,,29.967,70.483,148.0,20050727,20180129
415225,99999,MUZAFFARABAD,PK,,,34.333,73.517,831.0,20050727,20201015
415230,99999,SAIDU SHARIF,PK,,,34.733,72.35,951.0,19740730,20230315
415235,99999,SAIDU SHARIF,PK,,,34.817,72.35,970.0,20050101,20230505
415240,99999,PATTAN,PK,,,35.1,73.0,752.0,20081029,20180129
415250,99999,MALAM JABBA,PK,,OPXS,34.75,72.9,2691.0,20070116,20230505
415260,99999,BABUSAR,PK,,,35.217,74.1,2854.0,20151007,20151007
415280,99999,LANDIKOTAL,PK,,,34.1,71.133,1067.0,19730101,19791113
415281,99999,LANDIKOTAL,PK,,,34.1,71.133,1068.0,20090101,20111022
415290,99999,PESHAWAR,PK,,,34.033,71.933,329.0,20211212,20230315
415300,99999,PESHAWAR,PK,,,34.017,71.583,360.0,19440101,20230505
415310,99999,BATTAL,PK,,,34.583,73.15,1676.0,19730815,20030111
415320,99999,MUZAFFAR ABAD,PK,,,34.367,73.483,702.0,19730103,20211108
415330,99999,RISALPUR,PK,,OPRS,34.081,71.973,320.0,19730101,20211108
415350,99999,KAKUL,PK,,,34.183,73.25,1309.0,19730101,20230505
415360,99999,BALAKOT,PK,,,34.383,73.35,981.0,19980301,20230505
415600,99999,PARACHINAR,PK,,,33.867,70.083,1726.0,19440101,20230505
415620,99999,BANNU*,PK,,,33.0,70.1,406.0,20081029,20081130
415640,99999,KOHAT,PK,,,33.567,71.433,513.0,19730101,20211108
415650,99999,CHERAT,PK,,,33.817,71.883,1372.0,19440101,20211108
415690,99999,CAMPBELLPUR,PK,,,33.767,72.367,357.0,19730103,19730619
415710,99999,CHAKLALA,PK,,OPRN,33.617,73.099,508.4,19440101,20230505
415720,99999,HARIPUR,PK,,,33.983,72.917,535.0,19730107,19781008
415730,99999,MURREE,PK,,,33.917,73.383,2127.0,19440101,20230505
415740,99999,RAWALAKOT*,PK,,,33.85,73.8,1677.0,20081029,20081130
415760,99999,MANGLA*,PK,,,33.067,73.633,283.0,20081130,20081130
415770,99999,ISLAMABAD CITY,PK,,,33.717,73.1,525.0,20050727,20211108
415840,99999,MIRANSHAH AIRPORT,PK,,,32.983,70.117,921.0,19440102,20031024
415900,99999,KHUSHAB,PK,,,32.3,72.35,186.0,19540101,20020522
415920,99999,MIANWALI,PK,,OPMI,32.563,71.571,210.3,19440101,20221216
415930,99999,SARGODHA,PK,,,32.05,72.667,187.0,20040812,20210926
415940,99999,SARGODHA,PK,,OPSR,32.05,72.667,188.0,19730101,20230505
415970,99999,MANDI BAHAUDDIN,PK,,,32.583,73.5,253.0,20050727,20180129
415980,99999,JHELUM,PK,,,32.933,73.717,234.0,19730101,20230505
415990,99999,SIALKOT,PK,,OPST,32.5,74.533,255.0,20090104,20220928
416000,99999,SIALKOT CITY,PK,,OPXG,32.5,74.533,250.0,19440101,20230505
416240,99999,D I KHAN,PK,,OPDI,31.909,70.897,181.1,19440101,20230505
416300,99999,FAISALABAD,PK,,,31.433,73.1,184.0,19440101,20230505
416360,99999,JHANG,PK,,,31.267,72.317,153.0,20050803,20230501
416380,99999,TOBA TEK SINGH,PK,,,30.983,72.467,156.0,20081029,20180129
416400,99999,LAHORE CITY,PK,,OPLH,31.55,74.333,214.0,19440101,20230505
416410,99999,ALLAMA IQBAL INTL,PK,,OPLA,31.522,74.404,217.0,19761201,20211108
416460,99999,OKARA,PK,,,30.8,73.433,180.0,20081029,20081130
416520,99999,DERA GHAZI KHAN,PK,,,30.05,70.633,125.0,19730101,20081130
416711,99999,LAYYAH,PK,,OPXH,31.017,70.967,151.0,20160513,20230505
416720,99999,RAFIQUI,PK,,,30.783,72.2,150.0,19750905,20211108
416750,99999,MULTAN INTL,PK,,OPMT,30.203,71.419,121.9,19440101,20230505
416780,99999,BAHAWALNAGAR,PK,,,29.95,73.25,163.0,19730101,20230505
417000,99999,BAHAWALPUR CITY,PK,,OPXM,29.4,71.783,112.0,19440101,20230505
417010,99999,BAHAWALPUR,PK,,,29.4,71.783,117.0,20090519,20210823
417160,99999,SHEIKH ZAYED,PK,,OPRK,28.384,70.28,82.6,20081029,20200323
417180,99999,KHANPUR,PK,,,28.65,70.683,88.0,19440101,20230505
418500,99999,TETULIA  PANCHAGOR,BG,,,26.35,88.6,55.0,20160217,20230505
418520,99999,THAKURGAON,BG,,,26.017,88.4,-999.9,19730107,20050221
418580,99999,SAIDPUR,BG,,,25.75,88.917,39.0,19440101,20230505
418590,99999,RANGPUR,BG,,,25.733,89.233,34.0,19811213,20230505
418620,99999,LALMONIRHAT,BG,,VGLM,25.883,89.483,34.0,19430709,19460330
418621,99999,RAJARHAT KURIGRAM,BG,,,25.8,89.55,31.0,20150218,20230505
418630,99999,DINAJPUR,BG,,,25.65,88.683,37.0,19440101,20230505
420260,99999,GULMARG,IN,,,34.05,74.4,2655.0,19440601,20230505
420270,99999,SRINAGAR,IN,,,34.083,74.833,1587.0,19730101,20230505
420290,99999,SONAMARG,IN,,,34.317,75.317,2515.0,19740613,20211224
420300,99999,DRAS,IN,,,34.433,75.767,3066.0,19440101,20070426
420340,99999,LEH               &,IN,,,34.15,77.567,3513.0,19440101,19481106
420420,99999,SRINAGAR,IN,,,33.983,74.783,1664.0,19881026,20190213
420440,99999,QAZI GUND,IN,,,33.583,75.083,1690.0,20090205,20230505
420450,99999,BANIHAL,IN,,,33.5,75.167,1630.0,20021023,20230505
420550,99999,JAMMU (IN-AFB),IN,,,32.683,74.833,314.0,19730101,19910719
420560,99999,JAMMU,IN,,,32.667,74.833,367.0,19830902,20230505
420570,99999,PATHANKOT (IN-AFB)&,IN,,,32.233,75.633,312.0,19730102,19750831
420590,99999,DALHOUSIE,IN,,,32.533,75.967,1959.0,19440601,20060101
420600,99999,KATHUA,IN,,,32.333,75.5,380.0,20011121,20180316
420620,99999,DHARMSALA,IN,,,32.267,76.383,1211.0,19730101,20230505
420630,99999,KYELONG,IN,,,32.583,77.067,3348.0,20170926,20200306
420650,99999,MANALI,IN,,,32.267,77.167,2039.0,19990223,20230505
420710,99999,AMRITSAR,IN,,VIAR,31.71,74.797,230.4,19730101,20230505
420740,99999,KAPURTHALA,IN,,,31.333,75.333,229.0,20020214,20160509
420750,99999,JULLUNDUR,IN,,,31.467,75.583,-999.9,20180918,20220912
420770,99999,UNA,IN,,,31.467,76.267,369.0,20090205,20230505
420780,99999,MANDI,IN,,,31.717,76.967,761.0,19590602,20230505
420790,99999,SUNDERNAGAR,IN,,,31.533,76.9,874.0,20130529,20230505
420800,99999,BILASPUR,IN,,,31.25,76.667,587.0,19590602,19971222
420810,99999,BHUNTAR,IN,,,31.833,77.167,1084.0,20020903,20230505
420830,99999,SHIMLA,IN,,,31.1,77.167,2202.0,19440101,20230505
420960,99999,FEROZEPUR,IN,,,30.917,74.667,200.0,19730101,19900317
420970,99999,BHATINDA,IN,,,30.167,74.583,211.0,20200213,20200213
420980,99999,HALWARA,IN,,,30.75,75.633,241.0,19440101,19481231
420990,99999,LUDHIANA,IN,,,30.867,75.933,255.0,19730101,20230505
421010,99999,PATIALA,IN,,,30.333,76.467,251.0,19730101,20230505
421030,99999,AMBALA,IN,,,30.383,76.767,272.0,19440101,20230505
421040,99999,NAHAN,IN,,,30.4,76.767,958.0,19881016,20230505
421050,99999,CHANDIGARH(IAFB),IN,,,30.733,76.883,347.0,19740101,20230505
421070,99999,DHARMPUR,IN,,,30.9,77.017,1986.0,19990701,20021214
421080,99999,UTTARKASHI,IN,,,30.733,78.45,1200.0,19990420,20190201
421100,99999,PAURI,IN,,,30.15,78.783,1845.0,20190315,20190315
421110,99999,DEHRADUN,IN,,,30.317,78.033,682.0,19440101,20230505
421120,99999,MUSSOORIE,IN,,,30.45,78.083,2042.0,19540101,20201209
421140,99999,TEHRI,IN,,,30.4,78.483,770.0,19981224,20230505
421160,99999,JOSHIMATH,IN,,,30.55,79.567,1875.0,19730101,20021002
421170,99999,CHAMOLI,IN,,,30.4,79.333,1160.0,19990211,20200307
421210,99999,MUNSYARI,IN,,,30.117,80.25,3414.0,20011024,20210420
421220,99999,ANUPGARH,IN,,,29.167,73.167,154.0,19440101,20220805
421230,99999,GANGANAGAR,IN,,,29.917,73.917,177.0,19440101,20230505
421310,99999,HISSAR,IN,,VIHR,29.179,75.755,213.4,19440101,20230505
421350,99999,SANGRUR,IN,,,30.167,75.833,236.0,19831001,20180519
421370,99999,KARNAL,IN,,,29.7,77.033,249.0,19730109,20230505
421390,99999,MEERUT,IN,,,29.017,77.717,222.0,19440603,20230505
421400,99999,ROORKEE,IN,,,29.85,77.883,274.0,19440101,20180810
421430,99999,NAJIBABAD,IN,,,29.617,78.383,270.0,19730101,20230505
421460,99999,NAINITAL,IN,,,29.4,79.467,1953.0,19730103,19790214
421470,99999,MUKTESHWAR KUMAON,IN,,,29.467,79.65,2311.0,19440101,20230505
421480,99999,PANTNAGAR,IN,,,29.033,79.467,233.0,20070520,20230505
421510,99999,DHARCHULA,IN,,,29.85,80.533,817.0,19831002,20230321
421650,99999,BIKANER,IN,,,28.0,73.3,224.0,19440101,20230505
421700,99999,CHURU,IN,,,28.25,74.917,291.0,19730101,20230505
421740,99999,PILANI,IN,,,28.333,75.583,301.0,20020630,20230505
421760,99999,ROHTAK,IN,,,28.833,76.583,222.0,20010728,20230505
421770,99999,NARNAUL,IN,,,28.0,76.083,308.0,20020219,20230505
421780,99999,GURGAON,IN,,,28.417,77.0,224.0,20010718,20200513
421810,99999,INDIRA GANDHI INTL,IN,,VIDP,28.567,77.103,236.8,19750307,20230505
421820,99999,SAFDARJUNG,IN,,VIDD,28.585,77.206,214.9,19420702,20230505
421830,99999,BULANDSHAHR,IN,,,28.4,77.867,218.0,20010823,20210416
421870,99999,MORADABAD,IN,,,28.833,78.75,202.0,19830915,20230504
421880,99999,RAMPUR,IN,,,28.75,79.0,191.0,19990709,20211124
421890,99999,BAREILLY,IN,,VIBY,28.422,79.451,176.8,19440101,20230505
421900,99999,PILIBHIT,IN,,,28.633,79.8,188.0,20020725,20020725
422200,99999,PASIGHAT,IN,,,28.1,95.383,157.0,19740403,20230505
422370,99999,PHALODI,IN,,,27.133,72.367,234.0,19440101,20230505
422420,99999,NAGAUR,IN,,,27.167,73.667,298.0,20010723,20020817
422490,99999,SIKAR,IN,,,27.617,75.133,433.0,19730101,20230505
422550,99999,ALWAR,IN,,,27.5,76.583,271.0,19730101,20230505
422570,99999,MATHURA,IN,,,27.5,77.683,174.0,20020418,20021216
422580,99999,BHARATPUR,IN,,,27.217,77.5,176.0,20020214,20181129
422600,99999,AGRA,IN,,VIAG,27.156,77.961,167.9,19420824,20230505
422610,99999,AGRA,IN,,,27.167,78.033,169.0,19440101,20021224
422620,99999,ALIGARH,IN,,,27.883,78.067,187.0,19730101,20230505
422650,99999,MAINPURI,IN,,,27.233,79.05,157.0,19440101,20210303
422660,99999,SHAHJAHANPUR,IN,,,27.883,79.9,155.0,20090205,20230505
422700,99999,KHERI,IN,,,27.9,80.8,147.0,19730101,20171124
422710,99999,HARDOI,IN,,,27.383,80.167,142.0,19730101,20230505
422730,99999,BAHRAICH,IN,,,27.567,81.6,124.0,19440101,20230505
422740,99999,GONDA,IN,,,27.133,81.967,110.0,19730101,20171008
422790,99999,BASTI,IN,,,26.8,82.733,89.0,20160804,20190926
422820,99999,NAUTANWA,IN,,,27.433,83.417,99.0,19730101,20191117
422950,99999,DARJEELING,IN,,,27.05,88.267,2128.0,19440101,20230311
422960,99999,KALIMPONG,IN,,,27.067,88.467,1209.0,20151207,20230505
422990,99999,GANGTOK,IN,,,27.333,88.617,1756.0,19740902,20230505
423050,99999,BOMDILA,IN,,,27.417,92.85,2484.0,20020727,20201227
423090,99999,LILABARI,IN,,VELR,27.295,94.098,100.6,19431223,20230505
423110,99999,SIBSAGAR,IN,,,26.983,94.633,97.0,19440101,20160117
423120,99999,ZIRO,IN,,,27.917,94.8,1476.0,20010802,20171105
423140,99999,DIBRUGARH,IN,,VEMN,27.484,95.017,110.3,19420714,20230505
423160,99999,DIGBOI,IN,,,27.383,95.617,143.0,19440901,20160805
423280,99999,JAISALMER,IN,,,26.9,70.917,231.0,19730101,20230505
423390,99999,JODHPUR,IN,,VIJO,26.251,73.049,218.5,19430731,20230505
423430,99999,AJMER,IN,,,26.45,74.617,486.0,19440101,20230505
423480,99999,JAIPUR,IN,,VIJP,26.824,75.812,385.0,19440101,20230505
423490,99999,TONK,IN,,,26.167,75.75,272.0,19990514,20210712
423530,99999,SUPAUL,IN,,,26.133,86.583,49.0,20200815,20220326
423540,99999,DHOLPUR,IN,,,26.667,77.833,176.0,19730101,20090205
423580,99999,BHIND,IN,,,26.567,78.8,168.0,20020328,20021208
423610,99999,GWALIOR,IN,,VIGR,26.293,78.228,188.1,19440101,20230505
423640,99999,ETAWAH,IN,,,26.733,78.983,151.0,20010711,20200423
423660,99999,KANPUR,IN,,,26.433,80.367,125.0,19450621,20180217
423670,99999,KANPUR CHAKERI,IN,,VICX,26.404,80.41,123.4,19440101,20230505
423680,99999,LUCKNOW,IN,,,26.867,80.933,111.0,19730101,20211125
423690,99999,LUCKNOW,IN,,VILK,26.761,80.889,125.0,19440101,20230505
423720,99999,FURSATGANJ AIRPORT,IN,,VERB,26.25,81.383,109.7,20130529,20230505
423740,99999,FAIZABAD,IN,,,26.75,82.083,102.0,20020203,20181003
423750,99999,SULTANPUR,IN,,,26.25,82.0,97.0,19990614,20190527
423790,99999,GORAKHPUR,IN,,VEGK,26.74,83.45,78.9,19440101,20230505
423810,99999,AZAMGARH,IN,,,26.05,83.217,78.0,19730101,19800626
423820,99999,RAXAUL,IN,,,26.983,84.85,79.0,19730101,20230126
423830,99999,MOTIHARI,IN,,,26.667,84.917,66.0,19440101,20230505
423870,99999,MUZAFFARPUR,IN,,,26.117,85.4,53.0,19740515,20230505
423900,99999,MUZAFFARPUR AERODROME,IN,,,26.117,85.317,53.0,20011029,20170327
423910,99999,DARBHANGA,IN,,,26.167,85.9,49.0,19440101,20230505
423930,99999,SUPAUL,IN,,,26.133,86.583,50.0,20010905,20230505
423950,99999,FORBESGANJ,IN,,,26.3,87.267,61.0,19730101,20230505
423970,99999,SILIGURI,IN,,,26.667,88.367,123.0,19990213,20230501
423980,99999,BAGDOGRA,IN,,VEBD,26.681,88.329,125.6,19570618,20230505
423990,99999,JALPAIGURI,IN,,,26.533,88.717,83.0,19440101,20230505
424030,99999,COOCH BEHAR,IN,,,26.333,89.467,43.0,19430220,20230505
424040,99999,DHUBRI,IN,,,26.017,89.983,36.0,19440101,20230505
424060,99999,DHUBRI/RUPSI,IN,,,26.15,89.917,45.0,19450630,19450930
424070,99999,GOALPARA,IN,,,26.183,90.633,38.0,19730102,20230505
424080,99999,RANGIA,IN,,,26.433,91.617,60.0,20151207,20230428
424090,99999,TANGLA,IN,,,26.65,91.917,65.0,19740221,20230219
424100,99999,GUWAHATI INTL,IN,,VEGT,26.106,91.586,49.4,19440102,20230505
424130,99999,MAJBAT,IN,,,26.75,92.35,120.0,20011009,20230505
424140,99999,CHAPARMUKH,IN,,,26.2,92.517,66.0,19730103,20230504
424150,99999,TEZPUR,IN,,,26.617,92.783,79.0,19440101,20230505
424160,99999,TEZPUR/BINDUKURI,IN,,,26.717,92.8,75.0,19430510,20210702
424190,99999,GOHPUR,IN,,,26.833,93.583,82.0,19831028,20071017
424200,99999,GOLAGHAT,IN,,,26.517,93.983,95.0,19740806,20230505
424230,99999,JORHAT,IN,,,26.067,90.167,880.0,19430414,20230505
424231,99999,JORHAT,IN,,VEJT,26.732,94.176,94.8,20160807,20230505
424260,99999,TUENSANG,IN,,,26.267,94.817,1608.0,20201206,20221121
424350,99999,BARMER,IN,,,25.75,71.383,194.0,19440101,20230505
424390,99999,JALORE,IN,,,25.35,72.617,168.0,20151208,20200407
424410,99999,ERINPURA /JAWAI DAM SITE,IN,,,25.083,73.083,295.0,19450801,20230505
424470,99999,BHILWARA,IN,,,25.35,74.633,425.0,20020917,20230505
424500,99999,BUNDI,IN,,,25.45,75.633,267.0,20090205,20230505
424510,99999,KOTA-IN-RAJASTHAN,IN,,,25.183,75.85,256.0,19440101,19780502
424520,99999,KOTA,IN,,VIKO,25.16,75.846,273.1,19730101,20230505
424530,99999,SAWAI MADHOPUR,IN,,,25.983,76.367,264.0,20010822,20211112
424560,99999,SHEOPUR,IN,,,25.667,76.683,235.0,19730101,20211114
424590,99999,SHIVPURI,IN,,,25.333,77.65,464.0,20020528,20230505
424600,99999,DATIA,IN,,,25.667,78.467,229.0,20020417,20230505
424630,99999,JHANSI,IN,,VIJN,25.491,78.558,244.1,19440101,20230505
424670,99999,NOWGONG,IN,,,25.067,79.45,229.0,19440101,20230505
424680,99999,ORAI,IN,,,25.983,79.5,141.0,20040508,20230505
424690,99999,HAMIRPUR,IN,,,25.95,80.15,109.0,20090205,20230505
424710,99999,FATEHPUR,IN,,,25.933,80.833,114.0,19730101,20210916
424720,99999,PRATAPGARH,IN,,,25.9,81.95,99.0,20161018,20180706
424730,99999,BANDA,IN,,,25.467,80.367,121.0,20040902,20230505
424750,99999,ALLAHABAD ARPT,IN,,VEAB,25.44,81.734,98.2,19420727,20230505
424770,99999,JAUNPUR,IN,,,25.75,82.683,80.0,20170531,20230224
424790,99999,LAL BAHADUR SHASTRI,IN,,VEBN,25.45,82.867,81.1,19730101,20230505
424820,99999,GHAZIPUR,IN,,,25.4,83.55,67.0,20010718,20230505
424830,99999,VARANASI,IN,,,25.3,83.017,90.0,19440101,20230505
424840,99999,BALLIA,IN,,,25.75,84.167,64.0,20020217,20230418
424870,99999,ARRAH,IN,,,25.567,84.667,58.0,20170508,20220216
424880,99999,CHAPRA,IN,,,25.783,84.733,58.0,20051019,20230505
424920,99999,PATNA,IN,,VEPT,25.591,85.088,51.8,19440101,20230505
424980,99999,BHAGALPUR,IN,,,25.233,86.95,49.0,19570102,20230505
424990,99999,SABAUR,IN,,,25.233,87.067,37.0,20020614,20230505
425000,99999,PURNEA,IN,,,25.267,87.467,38.0,19440101,20230505
425030,99999,MALDA,IN,,,25.033,88.133,31.0,19730101,20230505
425060,99999,BALURGHAT,IN,,,25.217,88.783,26.0,20151207,20230505
425110,99999,TURA,IN,,,25.517,90.233,370.0,19730101,20021123
425120,99999,SHILLONG ARPT/UMROI ARPT,IN,,VEBI,25.7,91.983,891.2,20151208,20230505
425150,99999,CHERRAPUNJI,IN,,,25.25,91.733,1313.0,19440101,20230505
425160,99999,SHILLONG,IN,,,25.567,91.883,1598.0,19440101,20230505
425220,99999,HAFLONG,IN,,,25.167,93.017,682.0,20151207,20230505
425230,99999,LUMDING,IN,,,25.75,93.183,149.0,19730101,20230505
425270,99999,KOHIMA,IN,,,25.633,94.167,1406.0,19770923,20230505
427051,99999,KULLU MANALI,IN,,VIBR,31.877,77.154,1089.1,20040707,20230505
427052,99999,CHANDIGARH,IN,,VICG,30.673,76.789,308.5,20060812,20230505
427053,99999,LEH,IN,,VILH,34.136,77.547,3255.9,20060905,20230505
433990,99999,PARO,BT,,VQPR,27.403,89.425,2234.8,20101206,20230505
435410,99999,SONAMARG          &,IN,,,34.317,75.317,2515.0,19440101,19631112
435420,99999,DRAS,IN,,,34.433,75.767,3066.0,19550430,19631230
444040,99999,DADELDHURA,NP,,,29.3,80.583,1848.0,19780301,20230505
444060,99999,DIPAYAL,NP,,,29.25,80.95,617.0,20051012,20230505
444090,99999,DHANGADHI (ATARIYA),NP,,,28.8,80.55,187.0,20051012,20230505
444160,99999,SURKHET,NP,,VNSK,28.6,81.617,720.0,19761101,20230505
444180,99999,NEPALGUNJ AIRPORT,NP,,,28.1,81.667,165.0,20051012,20230505
444240,99999,JUMLA,NP,,VNJL,29.283,82.167,2300.0,19750913,20230505
444290,99999,DANG,NP,,,28.05,82.5,634.0,20051012,20230505
444340,99999,POKHARA,NP,,VNPK,28.201,83.981,826.6,19770207,20230505
444380,99999,BHAIRAHAWA,NP,,VNBW,27.506,83.416,109.1,19770302,20230505
444490,99999,SIMARA,NP,,VNSI,27.159,84.98,137.2,19740110,20230505
444540,99999,TRIBHUVAN INTL,NP,,VNKT,27.697,85.359,1338.1,19730521,20230505
444600,99999,JIRI,NP,,VNJI,27.633,86.233,2003.0,19780722,19780722
444610,99999,SYANGBOCHE,NP,,,27.817,86.717,3700.0,19761101,19800210
444620,99999,OKHALDHUNGA,NP,,,27.3,86.5,1720.0,19761101,20230505
444740,99999,TAPLEJUNG,NP,,VNTJ,27.35,87.667,1732.0,19780701,20230505
444770,99999,DHANKUTA,NP,,,26.983,87.35,1210.0,19761101,20230505
444780,99999,BIRATNAGAR,NP,,VNVT,26.481,87.264,71.9,19770208,20230505
480010,99999,PUTAO,BM,,VBPT,27.333,97.417,409.0,19430301,20230505
480040,99999,HKAMTI,BM,,,26.0,95.7,146.0,19820306,20230505
480080,99999,MYITKYINA,BM,,VBMK,25.367,97.4,147.0,19440713,20230505
517050,99999,AR-TUX,CH,,,39.667,76.167,1494.0,19560820,19971231
517060,99999,TEJAN,CH,,,39.7,76.35,,19560820,19570930
517090,99999,KASHI,CH,,ZWSH,39.543,76.02,1380.4,19571004,20230505
517160,99999,BACHU,CH,,,39.8,78.567,1117.0,19560820,20230505
517470,99999,TAZHONG,CH,,,39.0,83.667,1099.0,20010915,20230505
517770,99999,RUOQIANG,CH,,,39.033,88.167,889.0,19560820,20230428
518040,99999,P U-LI,CH,,,37.783,75.233,3159.0,19570201,19600328
518110,99999,SHACHE,CH,,,38.433,77.267,1232.0,19560820,20230505
518180,99999,PISHAN,CH,,,37.617,78.283,1376.0,19610301,20230505
518280,99999,HOTAN,CH,,ZWTN,37.133,79.933,1375.0,19560820,20230505
518390,99999,MINFENG,CH,,,37.067,82.717,1409.0,19600101,19971231
518480,99999,ANDIR,CH,,,37.933,83.65,1264.0,19620302,19971231
518550,99999,QIEMO/QARQAN,CH,,,38.15,85.55,1248.0,19560820,19971231
518860,99999,MANGNAI,CH,,,38.25,90.85,2945.0,19610801,20230505
518950,99999,ZILIUJING WEST,CH,,,37.85,91.483,3061.0,19560820,19610705
519150,99999,SOGAT SOUTHWEST,CH,,,36.333,78.0,3700.0,19570629,19600131
519310,99999,YUTIAN/KERIYA,CH,,,36.867,81.7,1554.0,19560820,19971231
524470,99999,JINTA,CH,,,39.817,98.9,1372.0,19890101,19970514
525230,99999,APPROXIMATE LOCALE,CH,,,39.833,96.75,0.0,19801001,19840611
525330,99999,JIUQUAN/SUZHOU,CH,,ZLJQ,39.767,98.483,1478.0,19460331,20230505
525331,99999,ZHONGCHUAN,CH,,ZLLL,36.515,103.62,1947.1,20040713,20230505
525360,99999,JIAYUGUAN SOUTHWEST,CH,,,39.617,98.05,2154.0,19610903,19610930
525460,99999,GAOTAI WEST,CH,,,39.383,99.717,1354.0,19560820,19611031
525760,99999,LAI-YEN-CH'IH,CH,,,39.383,102.833,1383.0,19570601,19971231
526020,99999,LENGHU,CH,,,38.833,93.383,2771.0,19570701,20230505
526180,99999,DANGCHENGWAN SOUTH,CH,,,39.167,94.833,3746.0,19620302,19620430
526330,99999,TUO-LE,CH,,,38.8,98.417,609.0,19610902,19971231
526450,99999,YEH-NIU-KOU,CH,,,38.467,99.55,2169.0,19600301,19970514
526510,99999,ZHANG-YE/SOUTH,CH,,,38.817,100.4,1493.0,19560820,20011205
526520,99999,ZHANGYE,CH,,,39.083,100.283,1462.0,19600101,20230505
526530,99999,ZHANG-YE/SOUTHEAST,CH,,,38.8,100.667,1463.0,19731109,20011012
526570,99999,BABAO,CH,,,38.233,100.25,2700.0,19600101,19970514
526610,99999,SHAN-DAN,CH,,,38.8,101.083,1760.0,19560820,19970514
526740,99999,JIN-CHANG,CH,,,38.467,102.183,1676.0,19640101,19971231
526790,99999,CAIQI SOUTHEAST,CH,,,38.083,102.917,1525.0,19560820,19611031
526810,99999,MINQIN,CH,,,38.633,103.083,1367.0,19570502,20230505
527020,99999,SHA-LIANG-ZI,CH,,,37.917,93.35,0.0,19801005,20010903
527070,99999,T'A-ERH-TING,CH,,,37.067,92.867,2712.0,19570701,19971231
527130,99999,DA-QAIDAM,CH,,,37.85,95.367,3174.0,19570630,20230505
527370,99999,DELINGHA,CH,,,37.367,97.367,2982.0,19560820,20230505
527400,99999,HSIN-YUAN,CH,,,37.3,99.017,3627.0,19890928,19970514
527440,99999,KARMAR NORTHWEST,CH,,,37.5,98.8,3978.0,19610316,19620621
527530,99999,BOGUS CHINESE,CH,,,37.683,100.7,3353.0,19740612,19850306
527540,99999,GANGCA,CH,,,37.333,100.133,3302.0,19610316,20230505
527650,99999,HAO-MEN,CH,,,37.367,101.617,2682.0,19610901,19971231
527770,99999,XOLUNGLANG SE,CH,,,37.15,102.217,2934.0,19740425,19741203
527790,99999,TIANZHU NORTHEAST,CH,,,37.267,102.883,2728.0,19740423,19760112
527870,99999,WUSHAOLING,CH,,,37.2,102.867,3044.0,19560820,20230505
527880,99999,BOGUS CHINESE,CH,,,37.233,103.4,2415.0,19731101,20020922
527970,99999,CHING-T'AI,CH,,,37.133,104.217,1402.0,19620302,19970514
527980,99999,BOGUS CHINESE,CH,,,37.067,104.467,1829.0,19740427,20160421
528130,99999,GOL-MUD (?),CH,,,36.817,95.35,2731.0,19731109,20011126
528180,99999,GOLMUD,CH,,ZLGM,36.417,94.9,2809.0,19560820,20230505
528250,99999,NUO-MU-HONG,CH,,,36.45,96.467,2804.0,19570601,19971231
528330,99999,SERH,CH,,,36.95,98.35,2987.0,19890901,19970719
528360,99999,DOULAN,CH,,,36.3,98.1,3190.0,19560820,20230505
528380,99999,HSIANG-JIH-TE NE,CH,,,36.067,97.75,2976.0,19731108,19750414
528420,99999,CHA-KA,CH,,,36.783,99.083,2925.0,19610901,19971231
528560,99999,GONGHE,CH,,,36.35,100.783,2743.0,19560820,19971231
528660,99999,XINING,CH,,ZLXN,36.617,101.767,2262.0,19560820,20230505
528680,99999,HEY-IN,CH,,,36.033,101.433,2072.0,19620302,19971122
528760,99999,MINHE,CH,,,36.333,102.833,1905.0,19620302,19970513
528860,99999,APPROXIMATE LOCALE,CH,,,36.567,103.7,1951.0,19731108,20020803
528880,99999,LAN-ZHOU/CITY,CH,,ZLAN,36.117,103.617,1600.0,19740613,20020301
528890,99999,LANZHOU,CH,,,36.05,103.883,1518.0,19560820,19971231
528950,99999,JINGYUAN,CH,,,36.583,104.683,1505.0,19560820,19971231
529070,99999,BOGUS CHINESE,CH,,,35.167,92.833,4877.0,19740601,20020310
529080,99999,WUDAOLIANG,CH,,,35.217,93.083,4613.0,19570701,20230505
529400,99999,APPROXIMATE LOCALE,CH,,,35.5,99.333,0.0,19841101,19851116
529410,99999,NAME UNKNOWN,CH,,,35.717,98.917,3962.0,19900101,20101225
529420,99999,ZIKETAN WEST,CH,,,35.767,99.167,4723.0,19600101,19600430
529430,99999,XINGHAI,CH,,,35.75,99.983,3200.0,19600601,19970514
529470,99999,APPROXIMATE LOCALE,CH,,,35.167,98.75,0.0,19831203,19850625
529550,99999,GUINAN,CH,,,35.583,100.75,3123.0,20010802,20230505
529570,99999,TONGDE,CH,,,35.267,100.65,3290.0,19560820,19971231
529580,99999,APPROXIMATE LOCALE,CH,,,35.267,100.65,0.0,19731129,19890816
529680,99999,SON-AG,CH,,,35.033,101.467,3565.0,19620302,20020208
529780,99999,XIAHE NORTH,CH,,,35.233,102.5,3050.0,19560820,19580408
529830,99999,YU ZHONG,CH,,,35.867,104.15,1875.0,20040510,20230505
529840,99999,LINXIA,CH,,,35.467,102.983,1920.0,19620302,19970807
529860,99999,LINTAO,CH,,,35.333,104.0,1905.0,19570705,19970514
529960,99999,HUAJIALING,CH,,,35.383,105.0,2450.0,19560820,20230505
552280,99999,SHIQUANHE,CH,,,32.5,80.083,4280.0,19610701,20230505
552480,99999,LUMARINGBO,CH,,,32.3,84.05,4420.0,19730313,19971231
552790,99999,BAINGOIN,CH,,,31.367,90.017,4701.0,19570701,20230428
552940,99999,P'A-NA,CH,,,32.267,91.667,4724.0,19801001,19971231
552990,99999,NAGQU,CH,,,31.483,92.067,4508.0,19560820,20230505
553850,99999,BOGUS CHINESE,CH,,,31.48,92.06,-999.0,20010717,20011008
554370,99999,T'U-KO-ERH-HO-KUNG,CH,,,30.55,81.433,4736.0,19730313,19971231
554720,99999,XAINZA,CH,,,30.95,88.633,4670.0,19600307,20230428
554880,99999,DEQEN SOUTH,CH,,,30.333,90.083,5304.0,19591210,19620630
554930,99999,ZHA-TE-KE-TANG,CH,,,30.733,92.45,4724.0,19630101,19971231
555690,99999,LHAZE,CH,,,29.067,87.683,4237.0,19801001,19971231
555780,99999,XIGAZE,CH,,,29.25,88.883,3837.0,19570701,20230505
555850,99999,BOGUS CHINESE,CH,,,29.5,90.25,-999.0,19801027,19971231
555910,99999,LHASA,CH,,ZULS,29.667,91.133,3650.0,19560820,20230505
555980,99999,NEDONG,CH,,,29.233,91.767,3657.0,19591209,19971231
556560,99999,YALEP,CH,,,28.383,86.15,5181.0,19800902,20020607
556640,99999,TINGRI,CH,,,28.633,87.083,4300.0,19591210,20230505
556800,99999,GYANGZE,CH,,,29.0,89.633,3657.0,19591209,19971231
556900,99999,CHE-KU,CH,,,28.7,91.633,4336.0,19870311,19971231
556960,99999,LHUNZE,CH,,,28.417,92.467,3861.0,19591209,20230428
557730,99999,PAGRI,CH,,,27.733,89.083,4300.0,19560820,20230505
560040,99999,TUOTUOHE,CH,,,34.217,92.433,4535.0,19570701,20230505
560070,99999,AMDO NORTHEAST,CH,,,33.417,92.833,4648.0,19591209,19620331
560160,99999,BIE-LI-XI-DU,CH,,,34.1,95.033,4785.0,19730101,20030305
560180,99999,ZADOI,CH,,,32.9,95.3,4068.0,19570701,20230505
560210,99999,QUMARLEB,CH,,,34.133,95.783,4176.0,19570701,20230505
560290,99999,YUSHU,CH,,,33.017,96.95,3682.0,19560820,20230505
560295,99999,YUSHU BATANG AIRPORT,CH,,ZLYS,32.817,97.133,3890.0,20100415,20150310
560310,99999,APPROXIMATE LOCALE,CH,,,34.833,97.467,0.0,19740809,20011017
560330,99999,MADOI,CH,,,34.917,98.217,4273.0,19560820,20230505
560340,99999,QINGSHUI-HE,CH,,,33.8,97.133,4419.0,19570701,19971231
560380,99999,SHIQU,CH,,,32.983,98.1,4114.0,19601001,19971231
560410,99999,UNKNOWN,CH,,,34.5,98.883,4175.0,19600102,19971121
560460,99999,DARLAG,CH,,,33.75,99.65,3968.0,19560820,20230505
560650,99999,HENAN,CH,,,34.733,101.6,3501.0,19610901,20230505
560670,99999,JIGZHI,CH,,,33.467,101.483,3350.0,19600706,19971231
560740,99999,GA-HAI,CH,,,34.2,102.3,3109.0,19890101,19970514
560750,99999,LANG-MU-SI,CH,,,34.1,102.617,3565.0,19570630,20020704
560760,99999,XAGDOMBA EAST,CH,,,34.1,102.9,3330.0,19740518,19741025
560790,99999,RUO'ERGAI,CH,,,33.583,102.967,3441.0,19591209,20230505
560800,99999,HEZUO,CH,,,35.0,102.9,2910.0,19580506,20230505
560850,99999,DENGKAGOIN,CH,,,34.04,103.333,3166.0,19731005,19740924
560930,99999,WU-SHAN,CH,,,34.717,104.883,1371.0,19560820,19971231
560960,99999,WUDU,CH,,,33.4,104.917,1079.0,19560820,20230505
560970,99999,YUNG-FENG-HSIANG N,CH,,,33.033,104.117,2712.0,19591209,19610327
561060,99999,SOG XIAN,CH,,,31.883,93.783,4024.0,19570701,20230428
561070,99999,TANGGO WEST,CH,,,31.55,92.867,4185.0,19731108,19740920
561160,99999,DENGQEN,CH,,,31.417,95.6,3874.0,19560820,20230505
561250,99999,NANGQEN,CH,,,32.25,96.217,4145.0,19591203,20210613
561320,99999,GAO-RIK,CH,,,32.5,97.933,3657.0,19591209,20220314
561370,99999,QAMDO,CH,,,31.15,97.167,3307.0,19560820,20230505
561430,99999,DARCANG WEST,CH,,,32.783,99.917,4147.0,19600201,19610227
561440,99999,DEGE,CH,,,31.733,98.567,3201.0,19570701,20230505
561460,99999,GARZE,CH,,,31.617,100.0,3394.0,19560820,20230505
561510,99999,LUO-XUE,CH,,,32.567,100.583,3505.0,19730101,19971107
561520,99999,SERTAR,CH,,,32.283,100.333,3896.0,19610105,20230505
561670,99999,DAWU,CH,,,30.983,101.117,2959.0,19790701,20230505
561710,99999,A-BA,CH,,,32.917,101.7,3170.0,19570701,20020717
561720,99999,BARKAM,CH,,,31.9,102.233,2666.0,19560820,20230505
561730,99999,MA-TANG,CH,,,31.85,102.7,3422.0,19730101,19971231
561780,99999,XIAO-JIN,CH,,,31.017,102.367,2426.0,19560820,19971231
561820,99999,SONGPAN,CH,,,32.667,103.6,2882.5,19560820,20230505
561830,99999,ZHENJIANGGUAN,CH,,,32.333,103.733,2697.0,19560820,19750514
561870,99999,WENJIANG,CH,,,30.75,103.867,541.0,20050101,20230505
561880,99999,WENCHUAN,CH,,,31.483,103.583,2042.0,19591209,19971231
561930,99999,PINGWU,CH,,,32.417,104.517,894.0,19570701,19971231
561960,99999,MIANYANG,CH,,,31.45,104.733,522.0,19591209,20230505
562020,99999,JIA-LI,CH,,,30.783,93.4,4876.0,19591209,20120429
562270,99999,CHING-TO EAST,CH,,,30.1,95.783,5108.0,19560820,19570531
562470,99999,BATANG,CH,,,30.0,99.1,2589.0,19560820,20230505
562510,99999,XINLONG/NYAGRONG,CH,,,30.967,100.2,3500.0,19591209,19971231
562570,99999,LITANG,CH,,,30.0,100.267,3950.0,19560820,20230505
562650,99999,QIAN-NING,CH,,,30.5,101.483,3452.0,19570701,19840611
562870,99999,YA'AN,CH,,,29.983,103.0,629.0,19560820,20230505
562940,99999,SHUANGLIU,CH,,ZUUU,30.579,103.947,495.3,19560820,20230505
562970,99999,REN-SHOU,CH,,,30.0,104.133,610.0,19740806,20011204
562980,99999,ZIYANG SOUTHWEST,CH,,,30.117,104.617,383.0,19591201,19610227
563120,99999,NYINGCHI,CH,,,29.567,94.467,3001.0,19560820,20230505
563150,99999,DABBA SOUTHWEST,CH,,,29.033,100.167,4553.0,19570701,19631231
563570,99999,DAOCHENG,CH,,,29.05,100.3,3729.0,19640101,20230505
563740,99999,KANGDING,CH,,,30.05,101.967,2617.0,19570701,20230505
563760,99999,HAN-YUAN-CHIEH EAST,CH,,,29.583,102.717,2209.0,19601001,19610227
563850,99999,EMEI SHAN,CH,,,29.517,103.333,3049.0,19560820,20230505
563860,99999,LESHAN,CH,,,29.567,103.767,440.0,19591209,19971231
564410,99999,BAME NORTHWEST,CH,,,28.883,98.583,4413.0,19600101,19641231
564440,99999,DEQEN,CH,,,28.45,98.883,3320.0,19560820,20230505
564590,99999,TU-ZHA,CH,,,28.15,100.933,2743.0,19591209,19971231
564620,99999,JIULONG,CH,,,29.0,101.5,2994.0,19560820,20230505
564625,99999,DAYONG,CH,,ZGDY,29.133,100.483,900.0,20071010,20230409
564750,99999,YUEXE,CH,,,28.617,102.6,1736.0,19570701,19971231
564790,99999,JIAGU NORTH,CH,,,28.217,103.0,1892.0,19591209,19610227
564850,99999,HU-JIA-PU-ZIIA,CH,,,28.517,103.617,1485.0,19570701,19971231
564920,99999,YIBIN,CH,,,28.8,104.6,342.0,19440229,20230505
565330,99999,LA-WAN,CH,,,27.683,98.35,3352.0,19591209,19971231
565430,99999,ZHONGDIAN,CH,,,27.7,99.7,3001.0,19591209,19971231
565480,99999,WEIXI,CH,,,27.217,99.317,2743.0,19570701,19971231
565650,99999,YANYUAN,CH,,,27.433,101.533,2591.0,19591209,19971231
565710,99999,XICHANG,CH,,,27.9,102.267,1599.0,19440325,20230505
565760,99999,ZHAO-ZI-BA,CH,,,27.6,102.85,2347.0,19730101,20020316
565860,99999,ZHAOTONG,CH,,,27.333,103.75,1950.0,19450107,20230505
566510,99999,LIJING,CH,,,26.833,100.217,2382.0,19440131,20230505
566640,99999,LA-SHI,CH,,,26.367,101.217,1210.0,19591209,19971231
566710,99999,HUILI,CH,,,26.65,102.25,1788.0,19560820,20230505
566810,99999,APPROXIMATE LOCALE,CH,,,26.833,103.167,0.0,19801001,20020524
566840,99999,HUIZE,CH,,,26.4,103.25,2189.3,19570701,20230505
566910,99999,WEINING,CH,,,26.867,104.283,2236.0,19570701,20230505
567380,99999,MENG-KA,CH,,,25.217,97.867,2134.0,19740112,19890830
567410,99999,LIU-KU,CH,,,25.783,98.85,2377.0,19591209,19971231
567480,99999,BAOSHAN,CH,,,25.117,99.183,1649.0,19440326,20230505
567510,99999,DALI,CH,,,25.7,100.183,1992.0,19431130,20230505
567630,99999,YUANMOU,CH,,,25.733,101.867,1120.0,19560820,20230428
567680,99999,CHUXIONG,CH,,,25.017,101.517,1820.0,19440131,20230428
567760,99999,APPROXIMATE LOCALE,CH,,,25.633,102.967,0.0,19731113,20011229
567770,99999,JINSHAN NORTH,CH,,,25.15,102.083,1580.0,19740421,19741202
567860,99999,ZHANYI,CH,,,25.583,103.833,1900.0,19440109,20230505
567930,99999,PU-AN,CH,,,25.783,104.95,2133.0,19591209,19971231
690814,99999,FOB GAMBERI,AF,,,34.53,70.35,657.2,20010923,20011025
692534,99999,FORT CAMPBELL / TEST,US,KY,,36.667,87.5,114.0,19870427,19910405
692874,99999,SIALKOT,PK,,KQST,32.5,74.533,255.0,19890201,19981105
696494,99999,FOB SHINWAR,AF,,KQOW,34.183,70.817,653.0,19910217,20000216
697094,99999,FOB BOSTIC,AF,,KQVE,35.217,71.517,1042.0,19850423,19931109
749244,99999,DOOM-DOOMA,IN,,,27.567,95.567,130.0,19430331,19451015
749246,99999,BANSBERA NORTHEAST,IN,,,26.8,92.617,98.0,19431130,19451018
749247,99999,JHANZI WEST,IN,,,26.85,94.433,92.0,19431231,19440219
749250,99999,MORAN SOUTHWEST,IN,,,27.15,94.9,100.0,19440220,19450228
749251,99999,SADIYA,IN,,,27.85,95.667,130.0,19431231,19440430
749252,99999,DERGAON,IN,,,26.717,93.95,91.0,19440131,19450531
749253,99999,TANAI AIRPORT,BM,,VYTN,26.367,96.733,210.3,19440404,19440531
749254,99999,GUMSHEN SOUTHEAST,BM,,,26.55,97.55,1053.0,19440429,19441006
749255,99999,HPAUCHYE SOUTHEAST,BM,,,26.067,96.717,246.0,19440521,19450220
749256,99999,SHINGBWIYANG,BM,,,26.683,96.217,208.0,19440531,19450831
749257,99999,TINGRING,BM,,,25.8,96.65,187.0,19440602,19450910
749258,99999,SAHMAW,BM,,,25.233,96.783,179.0,19441031,19450430
749321,99999,YANG-CHIEH,CH,,,25.5,103.083,1955.0,19430217,19451031
749322,99999,YUN-NAN-I,CH,,,25.417,100.733,1967.0,19430108,19451018
749323,99999,XIQIAO,CH,,,25.0,103.583,1849.0,19440630,19451113
749336,99999,CHING-SHUI-PU NORTH,CH,,,30.25,104.033,481.0,19431231,19461031
749338,99999,AO-CHIA-CHANG NORTH,CH,,,31.117,104.0,500.0,19450131,19450831
749339,99999,QIONGLAI NORTHEAST,CH,,,30.45,103.533,539.0,19450131,19450228
749344,99999,LANCHOW CHINA,CH,,RLHW,36.0,103.75,1543.0,19451031,19461231
749345,99999,HUA-CHIAO SOUTHEAST,CH,,,30.417,103.917,486.0,19460430,19460831
